{
  "colors" : [
    {
      "color" : {
        "color-space" : "srgb",
        "components" : {
          "alpha" : "1.000",
          "blue" : "1.000",
          "green" : "0.965",
          "red" : "0.949"
        }
      },
      "display-gamut" : "sRGB",
      "idiom" : "universal"
    },
    {
      "appearances" : [
        {
          "appearance" : "luminosity",
          "value" : "dark"
        }
      ],
      "color" : {
        "color-space" : "display-p3",
        "components" : {
          "alpha" : "1.000",
          "blue" : "0x41",
          "green" : "0x1F",
          "red" : "0x24"
        }
      },
      "display-gamut" : "sRGB",
      "idiom" : "universal"
    },
    {
      "color" : {
        "color-space" : "display-p3",
        "components" : {
          "alpha" : "1.000",
          "blue" : "0.997",
          "green" : "0.964",
          "red" : "0.952"
        }
      },
      "display-gamut" : "display-P3",
      "idiom" : "universal"
    },
    {
      "appearances" : [
        {
          "appearance" : "luminosity",
          "value" : "dark"
        }
      ],
      "color" : {
        "color-space" : "display-p3",
        "components" : {
          "alpha" : "1.000",
          "blue" : "0x41",
          "green" : "0x1F",
          "red" : "0x24"
        }
      },
      "display-gamut" : "display-P3",
      "idiom" : "universal"
    }
  ],
  "info" : {
    "author" : "xcode",
    "version" : 1
  }
}
